{"cameraMode":{"drawMode":0,"name":"Shaded","section":"Shading Mode"},"sceneLighting":false,"audioPlay":false,"sceneViewState":{"showFog":true,"showMaterialUpdate":false,"showSkybox":false,"showFlares":true,"showImageEffects":true,"showParticleSystems":true},"in2DMode":false,"pivot":{"x":-6.820407390594482,"y":0.1440446972846985,"z":3.53617000579834},"rotation":{"x":-0.023006172850728036,"y":-0.9570746421813965,"z":0.2779218852519989,"w":-0.07948434352874756},"size":0.5187497735023499,"orthographic":false}