{"cameraMode":{"drawMode":0,"name":"Shaded","section":"Shading Mode"},"sceneLighting":true,"audioPlay":false,"sceneViewState":{"showFog":true,"showMaterialUpdate":false,"showSkybox":true,"showFlares":true,"showImageEffects":true,"showParticleSystems":true},"in2DMode":false,"pivot":{"x":-4776.56103515625,"y":-885.3506469726563,"z":2676.832275390625},"rotation":{"x":-0.09148561209440232,"y":0.7014749646186829,"z":-0.0913071259856224,"w":-0.7009699940681458},"size":3504.529296875,"orthographic":false}